Заявка;Тип заявки BK;Статус BK;Тип заявки HD;Начало;Окончание;Район;Адрес;Бригада;Подключение;Гигабитное подключение
306638759;Подключение;Выполнена;Конвергенция абонента;17.08.2026 20:00;17.08.2026 22:00;Крылатское;Город Москва, ш.Рублевское, д. 60 к 18;Бригада Тарасюк;FMC;Нет
306874072;Подключение;В работе;Конвергенция абонента;17.08.2026 12:00;17.08.2026 14:00;Щукино;Город Москва, ул.Рогова, д. 5А стр. 4;Бригада Галкин;;Нет
306514719;Локальная заявка;Выполнена;Низкая скорость;17.08.2026 10:00;17.08.2026 12:00;Левобережный;Город Москва, ш.Ленинградское, д. 71Г стр. 3;Бригада Мухин;;Нет
306642162;Подключение;Выполнена;Конвергенция абонента;17.08.2026 10:00;17.08.2026 12:00;Тушино Южное;Город Москва, ул.Лодочная, д. 35 стр. 1, кв. 112;Бригада Осипов;;Нет
306447804;Глобальная проблема;Отменена;Авария;17.08.2026 10:00;17.08.2026 12:00;Крылатское;Город Москва, ш.Рублевское, д. 60 к 15;Бригада Жиганов;;Нет
306972947;Подключение;Выполнена;Конвергенция абонента;17.08.2026 20:00;17.08.2026 22:00;Хорошево-Мневники;Город Москва, ул.Нижние Мневники, д. 37А стр. 3;Бригада Кострикин;FMC;Нет
306334617;Локальная заявка;В работе;Работа с кабелем;17.08.2026 16:00;17.08.2026 18:00;Кунцево;Город Москва, ул.Мякининская 4-я, д. 5;Бригада Жиганов;;Нет
306414365;Подключение;В пути;Конвергенция абонента;17.08.2026 18:00;17.08.2026 20:00;Крылатское;Город Москва, ш.Рублевское, д. 66 стр. 4;Бригада Тарасюк;;Нет
306196566;Локальная заявка;В работе;IP-адрес 169...;17.08.2026 20:00;17.08.2026 22:00;Крылатское;Город Москва, проезд.Островной, д. 7 к 1, кв. 306;Бригада Тарасюк;;Нет
306215630;Локальная заявка;Выполнена;IP-адрес 169...;17.08.2026 10:00;17.08.2026 12:00;Митино;Город Москва, ул.Центральная, д. 2, кв. 14;Бригада Ермолаев;;Нет
306601816;Локальная заявка;Просрочена;IP-адрес 169...;17.08.2026 20:00;17.08.2026 22:00;Щукино;Город Москва, ул.Маршала Конева, д. 16, кв. 56;Бригада Осипов;;Нет
306069176;Локальная заявка;Просрочена;Нет линка;17.08.2026 10:00;17.08.2026 12:00;Хорошево-Мневники;Город Москва, ул.Живописная, д. 11 к 2 стр. 2;Бригада Ворожцов;;Нет
306513378;Подключение;Выполнена;Конвергенция абонента;17.08.2026 14:00;17.08.2026 16:00;Строгино;Город Москва, ул.Одинцовская, д. 25;Бригада Ворожцов;FMC;Нет
306181547;Подключение;Отправлена;Заявка на подключение;17.08.2026 18:00;17.08.2026 20:00;Фили-Давыдково;Город Москва, ул.Малая Филевская, д. 17;Бригада Зимин;;Нет
306739373;Подключение;Выполнена;Заявка на подключение;17.08.2026 20:00;17.08.2026 22:00;Митино;Город Москва, пер.Ангелов, д. 3, кв. 275;Бригада Никифоров;;Нет
306738512;Локальная заявка;Отменена;Нет линка;17.08.2026 12:00;17.08.2026 14:00;Филевский Парк;Город Москва, ул.Большая Филевская, д. 21/19 к 3;Бригада Тарасюк;;Нет
306261483;Подключение;Не отправлена;Конвергенция абонента;17.08.2026 18:00;17.08.2026 20:00;Филевский Парк;Город Москва, ул.Филевская 2-я, д. 7 к 6, кв. 307;;;Нет
306667158;Подключение;Отправлена;Конвергенция абонента;17.08.2026 16:00;17.08.2026 18:00;Фили-Давыдково;Город Москва, ул.Пивченкова, д. 6, кв. 187;Бригада Зимин;FMC;Нет
306267835;Локальная заявка;Отправлена;Роутер. Замена техническим специалистом;17.08.2026 10:00;17.08.2026 12:00;Кунцево;Город Москва, ул.Академика Павлова, д. 14 к 2;Бригада Зимин;;Нет
306900362;Локальная заявка;Выполнена;TVE/ENT. Другие ошибки;17.08.2026 16:00;17.08.2026 18:00;Строгино;Город Москва, ул.Маршала Прошлякова, д. 9 стр. 4;Бригада Ворожцов;;Нет
306710869;Локальная заявка;Выполнена;Рост ошибок на порту;17.08.2026 14:00;17.08.2026 16:00;Куркино;Город Москва, ул.Воротынская, д. 11 к 1, кв. 139;Бригада Ермолаев;;Нет
306253535;Подключение;Отменена;Конвергенция абонента;17.08.2026 18:00;17.08.2026 20:00;Покровское-Стрешнево;Город Москва, проезд.Полесский, д. 4 к 2, кв. 166;Бригада Галкин;;Нет
306902178;Локальная заявка;Отправлена;Переключение на Гбит/с;17.08.2026 16:00;17.08.2026 18:00;Куркино;Город Москва, ул.Юровская, д. 92 к 7;Бригада Ермолаев;;Нет
306027905;Подключение;Выполнена;Конвергенция абонента;17.08.2026 18:00;17.08.2026 20:00;Тушино Северное;Город Москва, ул.Туристская, д. 14 к 2;Бригада Дробышев;FMC;Нет
306539654;Подключение;В пути;Конвергенция абонента;17.08.2026 12:00;17.08.2026 14:00;Хорошево-Мневники;Город Москва, ул.Таманская, д. 2 к 7 стр. 3;Бригада Ворожцов;;Нет
306925835;Глобальная проблема;Выполнена;Авария;17.08.2026 0:01;17.08.2026 23:59;Хорошево-Мневники;Город Москва, ул.Нижние Мневники, д. 6 стр. 1;Бригада Кострикин;;Нет
306725035;Локальная заявка;Выполнена;Нет линка;17.08.2026 10:00;17.08.2026 12:00;Тушино Северное;Город Москва, ул.Героев Панфиловцев, д. 28 стр. 8;Бригада Дробышев;;Нет
306062119;Локальная заявка;Отправлена;Нет линка;17.08.2026 12:00;17.08.2026 14:00;Тушино Южное;Город Москва, ул.Свободы, д. 44;Бригада Осипов;;Нет
306928139;Подключение;Выполнена;Конвергенция абонента;17.08.2026 14:00;17.08.2026 16:00;Тушино Северное;Город Москва, ул.Вилиса Лациса, д. 30 стр. 3;Бригада Дробышев;;Нет
306771970;Локальная заявка;Выполнена;Рост ошибок на порту;17.08.2026 16:00;17.08.2026 18:00;Покровское-Стрешнево;Город Москва, ш.Волоколамское, д. 88 к 6 стр. 1;Бригада Осипов;;Нет
306842742;Локальная заявка;Отправлена;Низкая скорость;17.08.2026 18:00;17.08.2026 20:00;Ховрино;Город Москва, ул.Лавочкина, д. 40/49, кв. 77;Бригада Лукьянов;;Нет
306021264;Подключение;Выполнена;Конвергенция абонента;17.08.2026 10:00;17.08.2026 12:00;Тушино Южное;Город Москва, проезд.Донелайтиса, д. 17, кв. 73;Бригада Дробышев;;Нет
306482861;Подключение;Отправлена;Конвергенция абонента;17.08.2026 18:00;17.08.2026 20:00;Хорошево-Мневники;Город Москва, наб.Карамышевская, д. 54 к 2;Бригада Кострикин;;Нет
306152870;Глобальная проблема;Отправлена;Авария;17.08.2026 0:01;17.08.2026 23:59;Митино;Город Москва, ул.Муравская, д. 26 к 7;Бригада Ермолаев;;Нет
306014880;Подключение;Выполнена;Конвергенция абонента;17.08.2026 20:00;17.08.2026 22:00;Тушино Северное;Город Москва, ул.Туристская, д. 24 к 1, кв. 78;Бригада Дробышев;FMC;Нет
306380803;Подключение;Выполнена;Конвергенция абонента;17.08.2026 14:00;17.08.2026 16:00;Ховрино;Город Москва, ул.Онежская, д. 45/19, кв. 279;Бригада Лукьянов;;Нет
306697887;Локальная заявка;Выполнена;Нет линка;17.08.2026 14:00;17.08.2026 16:00;Щукино;Город Москва, ул.Живописная, д. 46 стр. 7;Бригада Галкин;;Нет
306822719;Подключение;Выполнена;Заявка на подключение;17.08.2026 10:00;17.08.2026 12:00;Митино;Город Москва, ш.Пятницкое, д. 28 стр. 1;Бригада Никифоров;;Нет
306034327;Локальная заявка;Выполнена;Рост ошибок на порту;17.08.2026 14:00;17.08.2026 16:00;Хорошево-Мневники;Город Москва, ул.Хорошевская 3-я, д. 9 к 1;Бригада Кострикин;;Нет
306134366;Подключение;Выполнена;Заявка на подключение;17.08.2026 14:00;17.08.2026 16:00;Ховрино;Город Москва, ул.Лавочкина, д. 23 стр. 1;Бригада Лукьянов;;Нет
306232861;Подключение;Выполнена;Конвергенция абонента;17.08.2026 14:00;17.08.2026 16:00;Хорошево-Мневники;Город Москва, ул.Нижние Мневники, д. 37А стр. 7;Бригада Тарасюк;;Нет
306430652;Глобальная проблема;Отменена;Авария;17.08.2026 10:00;17.08.2026 12:00;Фили-Давыдково;Город Москва, ул.Давыдковская, д. 7 к 10;Бригада Кострикин;;Нет
306428853;Дозаказ;Отправлена;Заказ подключения/Дозаказ оборудования;17.08.2026 20:00;17.08.2026 22:00;Строгино;Город Москва, ул.Маршала Прошлякова, д. 11 к 2;Бригада Ворожцов;;Нет
306619967;Глобальная проблема;Отправлена;Авария;17.08.2026 0:01;17.08.2026 23:59;Кунцево;Город Москва, ул.Истринская, д. 3 к 2, кв. 244;Бригада Жиганов;;Нет
306188128;Подключение;Отправлена;Конвергенция абонента;17.08.2026 16:00;17.08.2026 18:00;Крылатское;Город Москва, ул.Островная, д. 18;Бригада Тарасюк;FMC;Нет
306931595;Глобальная проблема;Отправлена;Авария;17.08.2026 16:00;17.08.2026 18:00;Щукино;Город Москва, пл.Академика Курчатова, д. 1 стр. 10;Бригада Галкин;;Нет
306320838;Локальная заявка;Отправлена;Нет линка;17.08.2026 16:00;17.08.2026 18:00;Тушино Северное;Город Москва, ул.Вилиса Лациса, д. 13 к 1;Бригада Дробышев;;Нет
306483284;Локальная заявка;Отменена;Низкая скорость;17.08.2026 12:00;17.08.2026 14:00;Хорошево-Мневники;Город Москва, ул.Демьяна Бедного, д. 4 стр. 1;Бригада Кострикин;;Нет
306962608;Подключение;Отправлена;Заявка на подключение;17.08.2026 14:00;17.08.2026 16:00;Хорошево-Мневники;Город Москва, проезд.Новохорошевский, д. 26;Бригада Галкин;;Нет
306652901;Локальная заявка;Отправлена;ТВ. Замена приставки техником;17.08.2026 18:00;17.08.2026 20:00;Тушино Южное;Город Москва, б-р.Химкинский, д. 11, кв. 170;Бригада Дробышев;;Нет
306097188;Глобальная проблема;В пути;Авария;17.08.2026 20:00;17.08.2026 22:00;Строгино;Город Москва, ул.Таллинская, д. 17 к 2, кв. 23;Бригада Жиганов;;Нет
306276441;Локальная заявка;Выполнена;Роутер. Замена техническим специалистом;17.08.2026 16:00;17.08.2026 18:00;Левобережный;Город Москва, проезд.Валдайский, д. 13А к 1, кв. 61;Бригада Мухин;;Нет
306668455;Глобальная проблема;Выполнена;Авария;17.08.2026 20:00;17.08.2026 22:00;Щукино;Город Москва, ул.Живописная, д. 46 стр. 1;Бригада Осипов;;Нет
306957160;Подключение;Выполнена;Конвергенция абонента;17.08.2026 14:00;17.08.2026 16:00;Митино;Город Москва, ул.Барышиха, д. 16, кв. 290;Бригада Никифоров;;Нет
306318611;Подключение;Отменена;Конвергенция абонента;17.08.2026 20:00;17.08.2026 22:00;Строгино;Город Москва, ул.Маршала Прошлякова, д. 11 к 2 стр. 1;Бригада Ворожцов;FMC;Нет
306170734;Локальная заявка;Просрочена;Разрывы;17.08.2026 18:00;17.08.2026 20:00;Строгино;Город Москва, ул.Лыковская 2-я, д. 65 к 21;Бригада Ворожцов;;Нет
306534759;Дозаказ;Отправлена;Дозаказ оборудования;17.08.2026 18:00;17.08.2026 20:00;Куркино;Город Москва, ул.Новогорская, д. 28 стр. 1;Бригада Ермолаев;FMC;Нет
306111733;Локальная заявка;Выполнена;Нет линка;17.08.2026 10:00;17.08.2026 12:00;Щукино;Город Москва, пл.Академика Курчатова, д. 1 стр. 113;Бригада Галкин;;Нет
306655607;Подключение;Выполнена;Заявка на подключение;17.08.2026 12:00;17.08.2026 14:00;Покровское-Стрешнево;Город Москва, ш.Волоколамское, д. 83 к 2 стр. 3;Бригада Галкин;;Нет
306278981;Локальная заявка;Просрочена;Разрывы;17.08.2026 18:00;17.08.2026 20:00;Покровское-Стрешнево;Город Москва, проезд.Тушинский 1-й, д. 7, кв. 228;Бригада Галкин;;Нет
306171868;Подключение;Отменена;Заявка на подключение;17.08.2026 12:00;17.08.2026 14:00;Филевский Парк;Город Москва, ул.Филевская 2-я, д. 4;Бригада Тарасюк;;Нет
306803266;Локальная заявка;Выполнена;Нет линка;17.08.2026 18:00;17.08.2026 20:00;Тушино Южное;Город Москва, ул.Фабрициуса, д. 25 к 2, кв. 133;Бригада Дробышев;;Нет
306966849;Локальная заявка;Выполнена;Нет линка;17.08.2026 12:00;17.08.2026 14:00;Левобережный;Город Москва, ул.Беломорская, д. 20 к 1, кв. 299;Бригада Лукьянов;;Нет
306666339;Подключение;Выполнена;Заявка на подключение;17.08.2026 10:00;17.08.2026 12:00;Строгино;Город Москва, ул.Крылатская, д. 40 стр. 67;Бригада Ворожцов;;Нет
306861041;Подключение;В работе;Конвергенция абонента;17.08.2026 16:00;17.08.2026 18:00;Кунцево;Город Москва, ш.Рублевское, д. 91 к 4, кв. 92;Бригада Зимин;FMC;Нет
306319191;Подключение;Выполнена;Конвергенция абонента;17.08.2026 18:00;17.08.2026 20:00;Кунцево;Город Москва, ул.Мякининская 4-я, д. 11;Бригада Жиганов;;Нет
306396418;Глобальная проблема;Просрочена;Информация;17.08.2026 14:00;17.08.2026 16:00;Филевский Парк;Город Москва, ул.Большая Филевская, д. 23 к 1, кв. 2;Бригада Кострикин;;Нет
306525021;Локальная заявка;Выполнена;Нет линка;17.08.2026 16:00;17.08.2026 18:00;Митино;Город Москва, ул.Муравская 1-я, д. 3;Бригада Никифоров;;Нет
306921946;Локальная заявка;Выполнена;Разрывы;17.08.2026 10:00;17.08.2026 12:00;Левобережный;Город Москва, ул.Правобережная, д. 6 стр. 6;Бригада Мухин;;Нет
306386723;Подключение;В работе;Конвергенция абонента;17.08.2026 12:00;17.08.2026 14:00;Хорошево-Мневники;Город Москва, ул.Таманская, д. 15 к 2 стр. 3;Бригада Ворожцов;;Нет
306561058;Подключение;Выполнена;Конвергенция абонента;17.08.2026 18:00;17.08.2026 20:00;Хорошево-Мневники;Город Москва, наб.Карамышевская, д. 48 к 1;Бригада Кострикин;;Нет
306898468;Подключение;Отменена;Конвергенция абонента;17.08.2026 14:00;17.08.2026 16:00;Хорошево-Мневники;Город Москва, б-р.Генерала Карбышева, д. 14 к 4, кв. 160;Бригада Тарасюк;;Нет
