Заявка;Тип заявки BK;Тип заявки HD;Начало;Окончание;Район;Адрес;Подключение;Гигабитное подключение
68983;Подключение;Конвергенция абонента;17.08.2026 20:00;17.08.2026 22:00;Крылатское;Город Москва, ш.Рублевское, д. 60 к 18;FMC;Нет
97006;Подключение;Конвергенция абонента;17.08.2026 12:00;17.08.2026 14:00;Щукино;Город Москва, ул.Рогова, д. 5А стр. 4;;Нет
74496;Локальная заявка;Низкая скорость;17.08.2026 10:00;17.08.2026 12:00;Левобережный;Город Москва, ш.Ленинградское, д. 71Г стр. 3;;Нет
62507;Подключение;Конвергенция абонента;17.08.2026 10:00;17.08.2026 12:00;Тушино Южное;Город Москва, ул.Лодочная, д. 35 стр. 1;;Нет
26690;Глобальная проблема;Авария;17.08.2026 10:00;17.08.2026 12:00;Крылатское;Город Москва, ш.Рублевское, д. 60 к 15;;Нет
36901;Подключение;Конвергенция абонента;17.08.2026 20:00;17.08.2026 22:00;Хорошево-Мневники;Город Москва, ул.Нижние Мневники, д. 37А стр. 3;FMC;Нет
18475;Локальная заявка;Работа с кабелем;17.08.2026 16:00;17.08.2026 18:00;Кунцево;Город Москва, ул.Мякининская 4-я, д. 5;;Нет
96274;Подключение;Конвергенция абонента;17.08.2026 18:00;17.08.2026 20:00;Крылатское;Город Москва, ш.Рублевское, д. 66 стр. 4;;Нет
59442;Локальная заявка;IP-адрес 169...;17.08.2026 20:00;17.08.2026 22:00;Крылатское;Город Москва, проезд.Островной, д. 7 к 1;;Нет
36105;Локальная заявка;IP-адрес 169...;17.08.2026 10:00;17.08.2026 12:00;Митино;Город Москва, ул.Центральная, д. 2;;Нет
17515;Локальная заявка;IP-адрес 169...;17.08.2026 20:00;17.08.2026 22:00;Щукино;Город Москва, ул.Маршала Конева, д. 16;;Нет
74776;Локальная заявка;Нет линка;17.08.2026 10:00;17.08.2026 12:00;Хорошево-Мневники;Город Москва, ул.Живописная, д. 11 к 2 стр. 2;;Нет
54216;Подключение;Конвергенция абонента;17.08.2026 14:00;17.08.2026 16:00;Строгино;Город Москва, ул.Одинцовская, д. 25;FMC;Нет
68459;Подключение;Заявка на подключение;17.08.2026 18:00;17.08.2026 20:00;Фили-Давыдково;Город Москва, ул.Малая Филевская, д. 17;;Нет
44177;Подключение;Заявка на подключение;17.08.2026 20:00;17.08.2026 22:00;Митино;Город Москва, пер.Ангелов, д. 3;;Нет
15677;Локальная заявка;Нет линка;17.08.2026 12:00;17.08.2026 14:00;Филевский Парк;Город Москва, ул.Большая Филевская, д. 21/19 к 3;;Нет
38910;Подключение;Конвергенция абонента;17.08.2026 18:00;17.08.2026 20:00;Филевский Парк;Город Москва, ул.Филевская 2-я, д. 7 к 6;;Нет
68973;Подключение;Конвергенция абонента;17.08.2026 16:00;17.08.2026 18:00;Фили-Давыдково;Город Москва, ул.Пивченкова, д. 6;FMC;Нет
20742;Локальная заявка;Роутер. Замена техническим специалистом;17.08.2026 10:00;17.08.2026 12:00;Кунцево;Город Москва, ул.Академика Павлова, д. 14 к 2;;Нет
82451;Локальная заявка;TVE/ENT. Другие ошибки;17.08.2026 16:00;17.08.2026 18:00;Строгино;Город Москва, ул.Маршала Прошлякова, д. 9 стр. 4;;Нет
81394;Локальная заявка;Рост ошибок на порту;17.08.2026 14:00;17.08.2026 16:00;Куркино;Город Москва, ул.Воротынская, д. 11 к 1;;Нет
57276;Подключение;Конвергенция абонента;17.08.2026 18:00;17.08.2026 20:00;Покровское-Стрешнево;Город Москва, проезд.Полесский, д. 4 к 2;;Нет
87272;Локальная заявка;Переключение на Гбит/с;17.08.2026 16:00;17.08.2026 18:00;Куркино;Город Москва, ул.Юровская, д. 92 к 7;;Нет
21683;Подключение;Конвергенция абонента;17.08.2026 18:00;17.08.2026 20:00;Тушино Северное;Город Москва, ул.Туристская, д. 14 к 2;FMC;Нет
23885;Подключение;Конвергенция абонента;17.08.2026 12:00;17.08.2026 14:00;Хорошево-Мневники;Город Москва, ул.Таманская, д. 2 к 7 стр. 3;;Нет
27948;Глобальная проблема;Авария;17.08.2026 0:01;17.08.2026 23:59;Хорошево-Мневники;Город Москва, ул.Нижние Мневники, д. 6 стр. 1;;Нет
31815;Локальная заявка;Нет линка;17.08.2026 10:00;17.08.2026 12:00;Тушино Северное;Город Москва, ул.Героев Панфиловцев, д. 28 стр. 8;;Нет
90127;Локальная заявка;Нет линка;17.08.2026 12:00;17.08.2026 14:00;Тушино Южное;Город Москва, ул.Свободы, д. 44;;Нет
18638;Подключение;Конвергенция абонента;17.08.2026 14:00;17.08.2026 16:00;Тушино Северное;Город Москва, ул.Вилиса Лациса, д. 30 стр. 3;;Нет
63666;Локальная заявка;Рост ошибок на порту;17.08.2026 16:00;17.08.2026 18:00;Покровское-Стрешнево;Город Москва, ш.Волоколамское, д. 88 к 6 стр. 1;;Нет
93041;Локальная заявка;Низкая скорость;17.08.2026 18:00;17.08.2026 20:00;Ховрино;Город Москва, ул.Лавочкина, д. 40/49;;Нет
86599;Подключение;Конвергенция абонента;17.08.2026 10:00;17.08.2026 12:00;Тушино Южное;Город Москва, проезд.Донелайтиса, д. 17;;Нет
60585;Подключение;Конвергенция абонента;17.08.2026 18:00;17.08.2026 20:00;Хорошево-Мневники;Город Москва, наб.Карамышевская, д. 54 к 2;;Нет
19655;Глобальная проблема;Авария;17.08.2026 0:01;17.08.2026 23:59;Митино;Город Москва, ул.Муравская, д. 26 к 7;;Нет
26138;Подключение;Конвергенция абонента;17.08.2026 20:00;17.08.2026 22:00;Тушино Северное;Город Москва, ул.Туристская, д. 24 к 1;FMC;Нет
14336;Подключение;Конвергенция абонента;17.08.2026 14:00;17.08.2026 16:00;Ховрино;Город Москва, ул.Онежская, д. 45/19;;Нет
14086;Локальная заявка;Нет линка;17.08.2026 14:00;17.08.2026 16:00;Щукино;Город Москва, ул.Живописная, д. 46 стр. 7;;Нет
68691;Подключение;Заявка на подключение;17.08.2026 10:00;17.08.2026 12:00;Митино;Город Москва, ш.Пятницкое, д. 28 стр. 1;;Нет
18524;Локальная заявка;Рост ошибок на порту;17.08.2026 14:00;17.08.2026 16:00;Хорошево-Мневники;Город Москва, ул.Хорошевская 3-я, д. 9 к 1;;Нет
72057;Подключение;Заявка на подключение;17.08.2026 14:00;17.08.2026 16:00;Ховрино;Город Москва, ул.Лавочкина, д. 23 стр. 1;;Нет
84550;Подключение;Конвергенция абонента;17.08.2026 14:00;17.08.2026 16:00;Хорошево-Мневники;Город Москва, ул.Нижние Мневники, д. 37А стр. 7;;Нет
17548;Глобальная проблема;Авария;17.08.2026 10:00;17.08.2026 12:00;Фили-Давыдково;Город Москва, ул.Давыдковская, д. 7 к 10;;Нет
33748;Дозаказ;Заказ подключения/Дозаказ оборудования;17.08.2026 20:00;17.08.2026 22:00;Строгино;Город Москва, ул.Маршала Прошлякова, д. 11 к 2;;Нет
19443;Глобальная проблема;Авария;17.08.2026 0:01;17.08.2026 23:59;Кунцево;Город Москва, ул.Истринская, д. 3 к 2;;Нет
42699;Подключение;Конвергенция абонента;17.08.2026 16:00;17.08.2026 18:00;Крылатское;Город Москва, ул.Островная, д. 18;FMC;Нет
16056;Глобальная проблема;Авария;17.08.2026 16:00;17.08.2026 18:00;Щукино;Город Москва, пл.Академика Курчатова, д. 1 стр. 10;;Нет
19502;Локальная заявка;Нет линка;17.08.2026 16:00;17.08.2026 18:00;Тушино Северное;Город Москва, ул.Вилиса Лациса, д. 13 к 1;;Нет
90146;Локальная заявка;Низкая скорость;17.08.2026 12:00;17.08.2026 14:00;Хорошево-Мневники;Город Москва, ул.Демьяна Бедного, д. 4 стр. 1;;Нет
83539;Подключение;Заявка на подключение;17.08.2026 14:00;17.08.2026 16:00;Хорошево-Мневники;Город Москва, проезд.Новохорошевский, д. 26;;Нет
56976;Локальная заявка;ТВ. Замена приставки техником;17.08.2026 18:00;17.08.2026 20:00;Тушино Южное;Город Москва, б-р.Химкинский, д. 11;;Нет
84595;Глобальная проблема;Авария;17.08.2026 20:00;17.08.2026 22:00;Строгино;Город Москва, ул.Таллинская, д. 17 к 2;;Нет
80266;Локальная заявка;Роутер. Замена техническим специалистом;17.08.2026 16:00;17.08.2026 18:00;Левобережный;Город Москва, проезд.Валдайский, д. 13А к 1;;Нет
83323;Глобальная проблема;Авария;17.08.2026 20:00;17.08.2026 22:00;Щукино;Город Москва, ул.Живописная, д. 46 стр. 1;;Нет
56808;Подключение;Конвергенция абонента;17.08.2026 14:00;17.08.2026 16:00;Митино;Город Москва, ул.Барышиха, д. 16;;Нет
40395;Подключение;Конвергенция абонента;17.08.2026 20:00;17.08.2026 22:00;Строгино;Город Москва, ул.Маршала Прошлякова, д. 11 к 2 стр. 1;FMC;Нет
96462;Локальная заявка;Разрывы;17.08.2026 18:00;17.08.2026 20:00;Строгино;Город Москва, ул.Лыковская 2-я, д. 65 к 21;;Нет
37573;Дозаказ;Дозаказ оборудования;17.08.2026 18:00;17.08.2026 20:00;Куркино;Город Москва, ул.Новогорская, д. 28 стр. 1;FMC;Нет
36647;Локальная заявка;Нет линка;17.08.2026 10:00;17.08.2026 12:00;Щукино;Город Москва, пл.Академика Курчатова, д. 1 стр. 113;;Нет
71364;Подключение;Заявка на подключение;17.08.2026 12:00;17.08.2026 14:00;Покровское-Стрешнево;Город Москва, ш.Волоколамское, д. 83 к 2 стр. 3;;Нет
75030;Локальная заявка;Разрывы;17.08.2026 18:00;17.08.2026 20:00;Покровское-Стрешнево;Город Москва, проезд.Тушинский 1-й, д. 7;;Нет
86244;Подключение;Заявка на подключение;17.08.2026 12:00;17.08.2026 14:00;Филевский Парк;Город Москва, ул.Филевская 2-я, д. 4;;Нет
84814;Локальная заявка;Нет линка;17.08.2026 18:00;17.08.2026 20:00;Тушино Южное;Город Москва, ул.Фабрициуса, д. 25 к 2;;Нет
93737;Локальная заявка;Нет линка;17.08.2026 12:00;17.08.2026 14:00;Левобережный;Город Москва, ул.Беломорская, д. 20 к 1;;Нет
95903;Подключение;Заявка на подключение;17.08.2026 10:00;17.08.2026 12:00;Строгино;Город Москва, ул.Крылатская, д. 40 стр. 67;;Нет
79713;Подключение;Конвергенция абонента;17.08.2026 16:00;17.08.2026 18:00;Кунцево;Город Москва, ш.Рублевское, д. 91 к 4;FMC;Нет
96909;Подключение;Конвергенция абонента;17.08.2026 18:00;17.08.2026 20:00;Кунцево;Город Москва, ул.Мякининская 4-я, д. 11;;Нет
74770;Глобальная проблема;Информация;17.08.2026 14:00;17.08.2026 16:00;Филевский Парк;Город Москва, ул.Большая Филевская, д. 23 к 1;;Нет
78274;Локальная заявка;Нет линка;17.08.2026 16:00;17.08.2026 18:00;Митино;Город Москва, ул.Муравская 1-я, д. 3;;Нет
33320;Локальная заявка;Разрывы;17.08.2026 10:00;17.08.2026 12:00;Левобережный;Город Москва, ул.Правобережная, д. 6 стр. 6;;Нет
69082;Подключение;Конвергенция абонента;17.08.2026 12:00;17.08.2026 14:00;Хорошево-Мневники;Город Москва, ул.Таманская, д. 15 к 2 стр. 3;;Нет
64618;Подключение;Конвергенция абонента;17.08.2026 18:00;17.08.2026 20:00;Хорошево-Мневники;Город Москва, наб.Карамышевская, д. 48 к 1;;Нет
93169;Подключение;Конвергенция абонента;17.08.2026 14:00;17.08.2026 16:00;Хорошево-Мневники;Город Москва, б-р.Генерала Карбышева, д. 14 к 4;;Нет
;;;;;;;;
;;;;;;;;
Адрес Офиса;г. Москва, ул.Маршала Бирюзова, д. 13 стр. 3;;;;;;;
